,Accuracy,Precision,Recall,F1-Score,ROC-AUC,CV Mean
Logistic Regression,0.84,0.7407407407407407,0.6896551724137931,0.7142857142857143,0.9051724137931034,0.7714331728790509
Decision Tree,0.915,0.8360655737704918,0.8793103448275862,0.8571428571428571,0.9044439048081593,0.8886945095646857
Random Forest,0.94,0.8382352941176471,0.9827586206896551,0.9047619047619048,0.9383195726080622,0.9325222037244476
Gradient Boosting,0.925,0.8307692307692308,0.9310344827586207,0.8780487804878049,0.9323093734822729,0.9140683234174363
SVM,0.91,0.8225806451612904,0.8793103448275862,0.85,0.9300631374453617,0.8614382490694256
KNN,0.875,0.746268656716418,0.8620689655172413,0.8,0.9311559009227781,0.8059047810931663
